﻿{"data":[{"Properties":{"domain":"SUPPORT.HTB","name":"MEGGIEPC.SUPPORT.HTB","distinguishedname":"CN=MEGGIEPC,CN=COMPUTERS,DC=SUPPORT,DC=HTB","domainsid":"S-1-5-21-1677581083-3380853377-188903654","highvalue":false,"samaccountname":"meggiepc$","haslaps":false,"description":null,"whencreated":1660896528,"enabled":true,"unconstraineddelegation":false,"trustedtoauth":false,"lastlogon":0,"lastlogontimestamp":-1,"pwdlastset":1660921728,"serviceprincipalnames":["RestrictedKrbHost/meggiepc","HOST/meggiepc","RestrictedKrbHost/meggiepc.support.htb","HOST/meggiepc.support.htb"],"operatingsystem":null,"sidhistory":[]},"PrimaryGroupSID":"S-1-5-21-1677581083-3380853377-188903654-515","AllowedToDelegate":[],"AllowedToAct":[],"HasSIDHistory":[],"Sessions":{"Results":[],"Collected":false,"FailureReason":null},"PrivilegedSessions":{"Results":[],"Collected":false,"FailureReason":null},"RegistrySessions":{"Results":[],"Collected":false,"FailureReason":null},"LocalAdmins":{"Results":[],"Collected":false,"FailureReason":null},"RemoteDesktopUsers":{"Results":[],"Collected":false,"FailureReason":null},"DcomUsers":{"Results":[],"Collected":false,"FailureReason":null},"PSRemoteUsers":{"Results":[],"Collected":false,"FailureReason":null},"Status":null,"Aces":[{"PrincipalSID":"S-1-5-21-1677581083-3380853377-188903654-512","PrincipalType":"Group","RightName":"Owns","IsInherited":false},{"PrincipalSID":"SUPPORT.HTB-S-1-5-32-548","PrincipalType":"Group","RightName":"GenericAll","IsInherited":false},{"PrincipalSID":"S-1-5-21-1677581083-3380853377-188903654-512","PrincipalType":"Group","RightName":"GenericAll","IsInherited":false},{"PrincipalSID":"S-1-5-21-1677581083-3380853377-188903654-1105","PrincipalType":"User","RightName":"WriteAccountRestrictions","IsInherited":false},{"PrincipalSID":"S-1-5-21-1677581083-3380853377-188903654-526","PrincipalType":"Group","RightName":"AddKeyCredentialLink","IsInherited":true},{"PrincipalSID":"S-1-5-21-1677581083-3380853377-188903654-527","PrincipalType":"Group","RightName":"AddKeyCredentialLink","IsInherited":true},{"PrincipalSID":"S-1-5-21-1677581083-3380853377-188903654-519","PrincipalType":"Group","RightName":"GenericAll","IsInherited":true},{"PrincipalSID":"SUPPORT.HTB-S-1-5-32-544","PrincipalType":"Group","RightName":"WriteDacl","IsInherited":true},{"PrincipalSID":"SUPPORT.HTB-S-1-5-32-544","PrincipalType":"Group","RightName":"WriteOwner","IsInherited":true},{"PrincipalSID":"SUPPORT.HTB-S-1-5-32-544","PrincipalType":"Group","RightName":"GenericWrite","IsInherited":true}],"ObjectIdentifier":"S-1-5-21-1677581083-3380853377-188903654-5102","IsDeleted":false,"IsACLProtected":false},{"Properties":{"domain":"SUPPORT.HTB","name":"FAKE01.SUPPORT.HTB","distinguishedname":"CN=FAKE01,CN=COMPUTERS,DC=SUPPORT,DC=HTB","domainsid":"S-1-5-21-1677581083-3380853377-188903654","highvalue":false,"samaccountname":"fake01$","haslaps":false,"description":null,"whencreated":1660900181,"enabled":true,"unconstraineddelegation":false,"trustedtoauth":false,"lastlogon":1660925728,"lastlogontimestamp":1660925728,"pwdlastset":1660925381,"serviceprincipalnames":["RestrictedKrbHost/fake01","HOST/fake01","RestrictedKrbHost/fake01.support.htb","HOST/fake01.support.htb"],"operatingsystem":null,"sidhistory":[]},"PrimaryGroupSID":"S-1-5-21-1677581083-3380853377-188903654-515","AllowedToDelegate":[],"AllowedToAct":[],"HasSIDHistory":[],"Sessions":{"Results":[],"Collected":false,"FailureReason":null},"PrivilegedSessions":{"Results":[],"Collected":false,"FailureReason":null},"RegistrySessions":{"Results":[],"Collected":false,"FailureReason":null},"LocalAdmins":{"Results":[],"Collected":false,"FailureReason":null},"RemoteDesktopUsers":{"Results":[],"Collected":false,"FailureReason":null},"DcomUsers":{"Results":[],"Collected":false,"FailureReason":null},"PSRemoteUsers":{"Results":[],"Collected":false,"FailureReason":null},"Status":null,"Aces":[{"PrincipalSID":"S-1-5-21-1677581083-3380853377-188903654-512","PrincipalType":"Group","RightName":"Owns","IsInherited":false},{"PrincipalSID":"SUPPORT.HTB-S-1-5-32-548","PrincipalType":"Group","RightName":"GenericAll","IsInherited":false},{"PrincipalSID":"S-1-5-21-1677581083-3380853377-188903654-512","PrincipalType":"Group","RightName":"GenericAll","IsInherited":false},{"PrincipalSID":"S-1-5-21-1677581083-3380853377-188903654-1105","PrincipalType":"User","RightName":"WriteAccountRestrictions","IsInherited":false},{"PrincipalSID":"S-1-5-21-1677581083-3380853377-188903654-526","PrincipalType":"Group","RightName":"AddKeyCredentialLink","IsInherited":true},{"PrincipalSID":"S-1-5-21-1677581083-3380853377-188903654-527","PrincipalType":"Group","RightName":"AddKeyCredentialLink","IsInherited":true},{"PrincipalSID":"S-1-5-21-1677581083-3380853377-188903654-519","PrincipalType":"Group","RightName":"GenericAll","IsInherited":true},{"PrincipalSID":"SUPPORT.HTB-S-1-5-32-544","PrincipalType":"Group","RightName":"WriteDacl","IsInherited":true},{"PrincipalSID":"SUPPORT.HTB-S-1-5-32-544","PrincipalType":"Group","RightName":"WriteOwner","IsInherited":true},{"PrincipalSID":"SUPPORT.HTB-S-1-5-32-544","PrincipalType":"Group","RightName":"GenericWrite","IsInherited":true}],"ObjectIdentifier":"S-1-5-21-1677581083-3380853377-188903654-5103","IsDeleted":false,"IsACLProtected":false},{"Properties":{"domain":"SUPPORT.HTB","name":"KRBRELAYUP.SUPPORT.HTB","distinguishedname":"CN=KRBRELAYUP,CN=COMPUTERS,DC=SUPPORT,DC=HTB","domainsid":"S-1-5-21-1677581083-3380853377-188903654","highvalue":false,"samaccountname":"KRBRELAYUP$","haslaps":false,"description":null,"whencreated":1660896077,"enabled":true,"unconstraineddelegation":false,"trustedtoauth":false,"lastlogon":0,"lastlogontimestamp":-1,"pwdlastset":1660921277,"serviceprincipalnames":["RestrictedKrbHost/KRBRELAYUP","HOST/KRBRELAYUP","RestrictedKrbHost/KRBRELAYUP.support.htb","HOST/KRBRELAYUP.support.htb"],"operatingsystem":null,"sidhistory":[]},"PrimaryGroupSID":"S-1-5-21-1677581083-3380853377-188903654-515","AllowedToDelegate":[],"AllowedToAct":[],"HasSIDHistory":[],"Sessions":{"Results":[],"Collected":false,"FailureReason":null},"PrivilegedSessions":{"Results":[],"Collected":false,"FailureReason":null},"RegistrySessions":{"Results":[],"Collected":false,"FailureReason":null},"LocalAdmins":{"Results":[],"Collected":false,"FailureReason":null},"RemoteDesktopUsers":{"Results":[],"Collected":false,"FailureReason":null},"DcomUsers":{"Results":[],"Collected":false,"FailureReason":null},"PSRemoteUsers":{"Results":[],"Collected":false,"FailureReason":null},"Status":null,"Aces":[{"PrincipalSID":"S-1-5-21-1677581083-3380853377-188903654-512","PrincipalType":"Group","RightName":"Owns","IsInherited":false},{"PrincipalSID":"SUPPORT.HTB-S-1-5-32-548","PrincipalType":"Group","RightName":"GenericAll","IsInherited":false},{"PrincipalSID":"S-1-5-21-1677581083-3380853377-188903654-512","PrincipalType":"Group","RightName":"GenericAll","IsInherited":false},{"PrincipalSID":"S-1-5-21-1677581083-3380853377-188903654-1105","PrincipalType":"User","RightName":"WriteAccountRestrictions","IsInherited":false},{"PrincipalSID":"S-1-5-21-1677581083-3380853377-188903654-526","PrincipalType":"Group","RightName":"AddKeyCredentialLink","IsInherited":true},{"PrincipalSID":"S-1-5-21-1677581083-3380853377-188903654-527","PrincipalType":"Group","RightName":"AddKeyCredentialLink","IsInherited":true},{"PrincipalSID":"S-1-5-21-1677581083-3380853377-188903654-519","PrincipalType":"Group","RightName":"GenericAll","IsInherited":true},{"PrincipalSID":"SUPPORT.HTB-S-1-5-32-544","PrincipalType":"Group","RightName":"WriteDacl","IsInherited":true},{"PrincipalSID":"SUPPORT.HTB-S-1-5-32-544","PrincipalType":"Group","RightName":"WriteOwner","IsInherited":true},{"PrincipalSID":"SUPPORT.HTB-S-1-5-32-544","PrincipalType":"Group","RightName":"GenericWrite","IsInherited":true}],"ObjectIdentifier":"S-1-5-21-1677581083-3380853377-188903654-5101","IsDeleted":false,"IsACLProtected":false},{"Properties":{"domain":"SUPPORT.HTB","name":"DC.SUPPORT.HTB","distinguishedname":"CN=DC,OU=DOMAIN CONTROLLERS,DC=SUPPORT,DC=HTB","domainsid":"S-1-5-21-1677581083-3380853377-188903654","highvalue":false,"samaccountname":"DC$","haslaps":false,"description":null,"whencreated":1653710623,"enabled":true,"unconstraineddelegation":true,"trustedtoauth":false,"lastlogon":1660941119,"lastlogontimestamp":1660883547,"pwdlastset":1660885330,"serviceprincipalnames":["Dfsr-12F9A27C-BF97-4787-9364-D31B6C55EB04/dc.support.htb","ldap/dc.support.htb/ForestDnsZones.support.htb","ldap/dc.support.htb/DomainDnsZones.support.htb","DNS/dc.support.htb","GC/dc.support.htb/support.htb","RestrictedKrbHost/dc.support.htb","RestrictedKrbHost/DC","RPC/290156e5-22cb-4f1b-9b96-5516d84c363c._msdcs.support.htb","HOST/DC/SUPPORT","HOST/dc.support.htb/SUPPORT","HOST/DC","HOST/dc.support.htb","HOST/dc.support.htb/support.htb","E3514235-4B06-11D1-AB04-00C04FC2DCD2/290156e5-22cb-4f1b-9b96-5516d84c363c/support.htb","ldap/DC/SUPPORT","ldap/290156e5-22cb-4f1b-9b96-5516d84c363c._msdcs.support.htb","ldap/dc.support.htb/SUPPORT","ldap/DC","ldap/dc.support.htb","ldap/dc.support.htb/support.htb"],"operatingsystem":"Windows Server 2022 Standard","sidhistory":[]},"PrimaryGroupSID":"S-1-5-21-1677581083-3380853377-188903654-516","AllowedToDelegate":[],"AllowedToAct":[{"ObjectIdentifier":"S-1-5-21-1677581083-3380853377-188903654-5103","ObjectType":"Computer"}],"HasSIDHistory":[],"Sessions":{"Results":[],"Collected":false,"FailureReason":"ERROR_ACCESS_DENIED"},"PrivilegedSessions":{"Results":[],"Collected":false,"FailureReason":"ERROR_ACCESS_DENIED"},"RegistrySessions":{"Results":[{"UserSID":"S-1-5-21-1677581083-3380853377-188903654-1105","ComputerSID":"S-1-5-21-1677581083-3380853377-188903654-1000"}],"Collected":true,"FailureReason":null},"LocalAdmins":{"Results":[{"ObjectIdentifier":"S-1-5-21-1677581083-3380853377-188903654-500","ObjectType":"User"},{"ObjectIdentifier":"S-1-5-21-1677581083-3380853377-188903654-519","ObjectType":"Group"},{"ObjectIdentifier":"S-1-5-21-1677581083-3380853377-188903654-512","ObjectType":"Group"}],"Collected":true,"FailureReason":null},"RemoteDesktopUsers":{"Results":[],"Collected":true,"FailureReason":null},"DcomUsers":{"Results":[],"Collected":true,"FailureReason":null},"PSRemoteUsers":{"Results":[{"ObjectIdentifier":"S-1-5-21-1677581083-3380853377-188903654-1105","ObjectType":"User"}],"Collected":true,"FailureReason":null},"Status":null,"Aces":[{"PrincipalSID":"S-1-5-21-1677581083-3380853377-188903654-512","PrincipalType":"Group","RightName":"Owns","IsInherited":false},{"PrincipalSID":"S-1-5-21-1677581083-3380853377-188903654-512","PrincipalType":"Group","RightName":"GenericAll","IsInherited":false},{"PrincipalSID":"S-1-5-21-1677581083-3380853377-188903654-1103","PrincipalType":"Group","RightName":"GenericAll","IsInherited":false},{"PrincipalSID":"S-1-5-21-1677581083-3380853377-188903654-526","PrincipalType":"Group","RightName":"AddKeyCredentialLink","IsInherited":true},{"PrincipalSID":"S-1-5-21-1677581083-3380853377-188903654-527","PrincipalType":"Group","RightName":"AddKeyCredentialLink","IsInherited":true},{"PrincipalSID":"S-1-5-21-1677581083-3380853377-188903654-519","PrincipalType":"Group","RightName":"GenericAll","IsInherited":true},{"PrincipalSID":"SUPPORT.HTB-S-1-5-32-544","PrincipalType":"Group","RightName":"WriteDacl","IsInherited":true},{"PrincipalSID":"SUPPORT.HTB-S-1-5-32-544","PrincipalType":"Group","RightName":"WriteOwner","IsInherited":true},{"PrincipalSID":"SUPPORT.HTB-S-1-5-32-544","PrincipalType":"Group","RightName":"GenericWrite","IsInherited":true}],"ObjectIdentifier":"S-1-5-21-1677581083-3380853377-188903654-1000","IsDeleted":false,"IsACLProtected":false},{"Properties":{"domain":"SUPPORT.HTB","name":"MANAGEMENT.SUPPORT.HTB","distinguishedname":"CN=MANAGEMENT,CN=COMPUTERS,DC=SUPPORT,DC=HTB","domainsid":"S-1-5-21-1677581083-3380853377-188903654","highvalue":false,"samaccountname":"MANAGEMENT$","haslaps":false,"description":null,"whencreated":1658384360,"enabled":true,"unconstraineddelegation":false,"trustedtoauth":false,"lastlogon":1658851316,"lastlogontimestamp":1658409560,"pwdlastset":1658409560,"serviceprincipalnames":["WSMAN/Management","WSMAN/Management.support.htb","RestrictedKrbHost/MANAGEMENT","HOST/MANAGEMENT","RestrictedKrbHost/Management.support.htb","HOST/Management.support.htb"],"operatingsystem":"Windows 10 Pro","sidhistory":[]},"PrimaryGroupSID":"S-1-5-21-1677581083-3380853377-188903654-515","AllowedToDelegate":[],"AllowedToAct":[],"HasSIDHistory":[],"Sessions":{"Results":[],"Collected":false,"FailureReason":null},"PrivilegedSessions":{"Results":[],"Collected":false,"FailureReason":null},"RegistrySessions":{"Results":[],"Collected":false,"FailureReason":null},"LocalAdmins":{"Results":[],"Collected":false,"FailureReason":null},"RemoteDesktopUsers":{"Results":[],"Collected":false,"FailureReason":null},"DcomUsers":{"Results":[],"Collected":false,"FailureReason":null},"PSRemoteUsers":{"Results":[],"Collected":false,"FailureReason":null},"Status":null,"Aces":[{"PrincipalSID":"S-1-5-21-1677581083-3380853377-188903654-512","PrincipalType":"Group","RightName":"Owns","IsInherited":false},{"PrincipalSID":"SUPPORT.HTB-S-1-5-32-548","PrincipalType":"Group","RightName":"GenericAll","IsInherited":false},{"PrincipalSID":"S-1-5-21-1677581083-3380853377-188903654-512","PrincipalType":"Group","RightName":"GenericAll","IsInherited":false},{"PrincipalSID":"S-1-5-21-1677581083-3380853377-188903654-526","PrincipalType":"Group","RightName":"AddKeyCredentialLink","IsInherited":true},{"PrincipalSID":"S-1-5-21-1677581083-3380853377-188903654-527","PrincipalType":"Group","RightName":"AddKeyCredentialLink","IsInherited":true},{"PrincipalSID":"S-1-5-21-1677581083-3380853377-188903654-519","PrincipalType":"Group","RightName":"GenericAll","IsInherited":true},{"PrincipalSID":"SUPPORT.HTB-S-1-5-32-544","PrincipalType":"Group","RightName":"WriteDacl","IsInherited":true},{"PrincipalSID":"SUPPORT.HTB-S-1-5-32-544","PrincipalType":"Group","RightName":"WriteOwner","IsInherited":true},{"PrincipalSID":"SUPPORT.HTB-S-1-5-32-544","PrincipalType":"Group","RightName":"GenericWrite","IsInherited":true}],"ObjectIdentifier":"S-1-5-21-1677581083-3380853377-188903654-2601","IsDeleted":false,"IsACLProtected":false}],"meta":{"methods":29695,"type":"computers","count":5,"version":5}}